SongName,AlbumName,AlbumLink,Year,PlayCount,Lyrics,SongLink,Duration
12 Bodies - Interlude,Emotionally Unavailable,https://open.spotify.com/album/0DU2vGl3iqTMSHHHd2l6eP,2015,0,"Not cause I just asked him, like how many people have you slept with?
What did he say? He was like 20 thousand
No he said 12, he said like 10-12 yeah
He probably frontin'
Nah I said ""wow, I didn't think you had it in you""
He was like ""What's it""
I'm like, I don't know, I just really didn't think he had it in him",https://open.spotify.com/track/3NNMLFHYv0Oz6WvUoArTOr,26
A Train,Emotionally Unavailable,https://open.spotify.com/album/0DU2vGl3iqTMSHHHd2l6eP,2015,546512,"Riding on the A train,
Got you stuck on my brain
On my way to the city
Wanna know what you do when with me
Love on the wall like graffiti
I know running from you ain't easy
Gotta read between the lines
âE˜Cause I need the noise, I need the loud
I need the doors to shut you out!
I need the people, I need it bad
I need them all right now
I need the noise, I need the loud
I need the doors to shut you out!
I need to breathe, I need to think
Only way I'm gonna do it is on this A train!
Ooh oh oh oh
On the A train, yeah
Ooh oh oh oh
On the A train, yeah yeah yeah
A train, riding on the A train!
Lights on my daydream,
Underground, yeah it's the remedy
I could stay as long as I wanna
Somehow there's a right in this remedy
I love you but I need some time
and the tracks just help me to clear my mind
Don't take it personal,
I just need a moment!
âE˜Cause I need the noise, I need the loud
I need the doors to shut you out!
I need the people, I need it bad
I need them all right now
I need the noise, I need the loud
I need the doors to shut you out!
I need to breathe, I need to think
Only way I'm gonna do it is on this A train!
Ooh oh oh oh
On the A train, yeah
Ooh oh oh oh
On the A train, yeah yeah yeah
A train, riding on the A train!
Catch me on the A train, A train
Catch me on the A train, A train
Catch me on the A train, A train",https://open.spotify.com/track/4jANgesmHOE2XPc6dIOAA7,206
About Time,Space and Time,https://open.spotify.com/album/0u5rzBrMMWxw38l9T3dFu9,2021,1331069,"Yeah, uh
Yeah, uh
It's about time
I-, I-, I-, I-, I-
It's about time
Justine, uh
There's a lot I could say
You deserve the payback
Bad, but I can't runnin' back
So fast, at last
On the strip
There's a lot I won't say
Don't wanna just react
Facts, this time I won't relapse
Knew that none of y'all had my back
I found a way out, and on your way out
Last words
I'm on the way up, and I'ma be straight, so
Don't worry 'bout it
You hide your face, can't stop talking 'bout it
Don't worry 'bout a thing
'Cause it won't matter anyway
Bury my best
It's a new day
'Cause I know I can always count on you
To make me look stupid, make me look foolish
And I know I can always count on you
To let me down
Down, down, down
'Kay, uh
'Kay, uh
Okay, so now that we're through
I saw what's real, and knew was true
You followed me, I followed you
It's almost hot, 'cause you was new, but
They'll all regret that
'Cause I'll be right back
Flyback, it's gon' be private
Funny to see
How they all undergraded me, ah
I found a way out, and on your way out
Last words
I'm on the way up, and I'ma be straight, so
Don't worry 'bout it
You hide your face, can't stop talking 'bout it
Don't worry 'bout a thing
'Cause it won't matter anyway
Bury my best
It's a new day
'Cause I know I can always count on you
To make me look stupid, make me look foolish
And I know I can always count on you
To let me down
Down, down, yeah",https://open.spotify.com/track/5KPm2VqYQazFUg3TrJz2nu,172
Agenda,8 Ounces,https://open.spotify.com/album/0qKVC0VLIoSKSTdCHWPo7c,2016,1796624,"I heard that you can make mascara run a mile
I heard that you got everybody going oooooh child
Well I'mma getcha for the next one
Getcha back for the ex that you did wrong
From New York down to Texas
Make you buy a Lex for your kids mom
I showed up with this agenda
Imma be the one that you remember
We met last September and I've been gone since November
Pre
I love you so much I wanna kill you
I love you so much I wanna be near you
Now I love you so much I wanna heal you
Now I love you so much I want the real you
Hook
But you all about them (Girls)
But you all about them (Girls)
All up on them (Girls)
On the phone with (Girls)
Never lonely (Girls)
Old ones, New ones (Girls)
Fake ones, true ones (Girls)
Like you never knew one (Girls)
We go clueless
All about them (Girls)
All up on them (Girls)
On the phone with (Girls)
Never lonely (Girls)
Old ones, new ones (Girls)
Fake ones, true ones (Girls)
Now I heard that you oh oh oh can nothing into something
Midnight magic, baby
Now I heard that you ou ou ou ou ou can turn zero into one zero
Instant classic baby
I know been around but I ain't never seen your face
And all I'm thinking now is I should know your name
All I'm thinking now is I'mma make you remember remember my name
Say it over and over again, again, again, again
I showed with this agenda
Imma be the one that you remember
We met last September
And I've been gone since November
Pre-
I love you so much I wanna kill you
I love you so much I wanna be near you
Now I love you so much I wanna heal you
Now I love you so much I want the real you
Hook
But you all about them (Girls)
All about them (Girls)
All up on them (Girls)
On the phone with (Girls)
Never lonely (Girls)
Old ones, new ones (Girls)
Fake ones true ones (Girls)
Like you never knew one (Girls)
We go clueless
All about them (Girls)
All up on them (Girls)
On the phone with (Girls)
Never lonely (Girls)
Old ones, new ones (Girls)
Fake ones true ones (Girls)
Like you never knew one (Girls)
We go clueless",https://open.spotify.com/track/7GpQULkwEIzchWpz1fGnIF,225
Back For More,ULTRAVIOLET,https://open.spotify.com/album/75LxF9bnfpeimog46qoQJl,2018,10043487,"You should be right here in this drop top
Or in the sand, on the beach, let our lips lock
Sex me with a view over mai tais
No wi-fi you get to My hotspot
Can I be honest?
Yeah, we both want it, yeah
You're losing focus
I hope you notice
You don't miss a good thing until it's gone
You don't take me serious until I'm done
You don't miss a good thing until it's gone
And you don't take me serious until I'm done
You'll be back for more, yeah, yeah
You won't regret it, (oh yea!) oh no
You'll be back for more
You won't regret it, (oh yea!) oh no
No babe
Pull up, right now
Ain't no need for us to play around
The argues, played out
Broken record, let it fade out
Got me all up in my feelings
You out partyin', I'm chilling
Ah yeah, yeah, yeah
You don't miss a good thing until it's gone
You don't take me serious until I'm done
You don't miss a good thing until it's gone
And you don't take me serious until I'm done
You'll be back for more, yeah, yeah
You won't regret it, no no (Won't regret it)
You'll be back for more
You won't regret it (oh yeah!)
No, no
I'll call it payback
If you do (I do)
But we both know what you want on the low (On the low)
His love was faded from your mind
So when I hit you up you come in no time (No woah)
At my doorstep, you arrive (Arrive)
Tench coat on, wearing nothing inside (Nothing inside)
You came late, yeah, but you're right on time (Right on time)
All I know (All I know)
All I know (All I know)
You'll be back for more, yeah, yeah
You won't be regret it, no, no (Oh yeah!)
You'll be back for more
You won't regret it (Oh yeah!)
(You won't regret it)
No, no, no
Na babe
Ohhh, Ohh",https://open.spotify.com/track/63eKGyalhj3iFSVyzqKaoF,188
Bandit,Emotionally Unavailable,https://open.spotify.com/album/0DU2vGl3iqTMSHHHd2l6eP,2015,5661781,"You wanna go play right away, well I'm fine with that
We some and drink all day, baby, and I'm faded like
I can't remember your name, right away, what I'm tryna say
I got that game changed, I got that game changed
I got that game changed and you want it
You've been looking at me strange like if only
Deep into your gaze, brainwashing
Brainwashing, this is your warning
I'm bout to tell ya dirty, dirty, little secret
I'ma keep it, dirty, dirty, can you keep it?
Don't say nothing that you know you're gonna regret
Put your hands up in the air it's a stick up, stick up
I'm a bandit, I'm a bandit
I'm a bandit, I'm a bandit
I'ma throw it, throw it, throw it
Throw it throw it throw it throw it up
You can't stand it
Yeah, I'm a bandit
This world's going crazy like a maniac
Gold in my champagne, I don't care, where my gangsters at?
Put em in the air one time
Live your life no matter what they say
I do this everyday
I want the money, fuck the fame
Game changed and you want it
You've been looking at me strange like you falling
Deep into my gaze, brainwashing
Brainwashing, this is your warning
I'm 'bout to tell you dirty, dirty little secret
I'ma keep it daddy, daddy, can you keep it?
Don't say nothing that you know you gonna regret
Put your hands up in the air
It's a stick up, stick up
I'm a bandit, I'm a bandit, I'm a bandit, I'm a bandit
Ima throw it, throw it, throw it, throw it, throw it, throw it, throw it up
You can't stand it
Yeah I'm a bandit
Ooh, you've been looking for the wrong one baby
Oh yeah, and I know what to do to make you go crazy
Oh yeah, you've been looking for the wrong one baby
Oh yeah, I know what to do to make you go crazy (craz-eee)
'Bout to tell you dirty, dirty little secret
Ima keep it daddy, daddy, can you keep it?
Don't say nothing that you know you gonna regret
Put your hands up in the air
It's a stick up, stick up
I'm a bandit, I'm a bandit, I'm a bandit, I'm a bandit
I'ma throw it, throw it, throw it, throw it, throw it, throw it, throw it up
You can't stand it
Yeah I'm a bandit",https://open.spotify.com/track/6PEEQ9K6C73efbHDBGhWXJ,189
Bulletproof,BARE WITH ME (The Album),https://open.spotify.com/album/3KhbfZCXAGH3Zih09mAp5e,2020,2619144,"Them, want me, but you (You), know me
You're my no place like home (Home)
You're the type to take control, I know (I know)
So me lay up on your bed (Ay, ay, ay)
All rachet for my baby (Ay, ay, ay)
You don't rest until we
But we're bulletproof, no army
Bitches runnin' 'round sayin' they gon' make time
For you, I know I could do time
You ain't gotta hold tight on my waistline
You, you, the only one on my mind
All my friends and my mama bang both sign
You, you be shinin' like a green light
You gon' miss the sun starin' at the sky
We ain't gotta love like everyone else
We ain't gotta love like everyone else
'Cause we know we bulletproof
And don't need to make excuses
We ain't gotta love like everyone else
We ain't gotta love like them
We ain't gotta tell the world
What we're doing now, why, why, why, why, why
Keep it away from these birds
All they do is tweet, tweet, they ain't coming offline
I ain't gotta do the most to show that you my bae
We already know the deal, we ain't gotta overkill, no, no
Bitches runnin' 'round sayin' they gon' make time
For you, I know I could do time
You ain't gotta hold tight on my waistline
You, you, the only one on my mind
All my friends and my mama bang both sign
You, you be shinin' like a green light
You gon' miss the sun starin' at the sky
We ain't gotta love like everyone else
We ain't gotta love like everyone else
'Cause we know we bulletproof, and
Don't need to make excuses
We ain't gotta love like everyone else
We ain't gotta love like them
Ooh, ooh, ooh, ooh
Ooh, ooh, ooh
Ooh-ooh, ooh
(We ain't gotta love like them)
Ooh, ooh, ooh, ooh
Ooh, ooh, ooh
Ooh-ooh, ooh
Bitches runnin' 'round sayin' they gon' make time
For you, I know I could do time
You ain't gotta hold tight on my waistline
You, you, the only one on my mind
All my friends and my mama bang both sign
You, you be shinin' like a green light
You gon' miss the sun starin' at the sky
We ain't gotta love like everyone else
We ain't gotta love like everyone else (We ain't gotta love)
'Cause we know we bulletproof
And don't need to make excuses
We ain't gotta love like everyone else (No, no)
We ain't gotta love like them
Ooh, ooh, ooh, ooh
Ooh, ooh, ooh
Ooh-ooh, ooh
(We ain't gotta love like them)
Ooh, ooh, ooh, ooh (We ain't gotta love like them, no, oh)
Ooh, ooh, ooh (Yeah-ah, we ain't gotta love like them)",https://open.spotify.com/track/2bLNCZeUzcu3dPPRI2xw2r,223
Collide (feat. Tyga),Dark Side,https://open.spotify.com/album/0FvZIwN0AHWYQVyuS3KR7H,2023,547466344,"(Mustard on the Beat)
I been knowing you for long enough
Damn, I need you right now
You can take your time, don't have to rush
This might take us a while (yeah)
I left all the doors unlocked and you said you're on your way
When you get here don't just say a word, got no time to play
I know you think that you know me
But you ain't even seen my dark side
It's as if it's you only
So baby, do it right, do me right
We can go over time
We can move fast, then rewind
When you put your body on mine
And collide, collide
It could be one of those nights
When we don't turn off the lights
Wanna see your body on mine
And collide, collide
Baby, it's all yours if you want it, all yours if you want it
Put it down you can want it, tonight
Said it's all yours if you want it, all yours if you want it
Put it down you can want it, let's collide
Wakin' up, she on it
Good love in the mornin'
Get on top my cojones
I pleasure you for the moment
This don't come with no warranty
You want it but can't afford it
My world is different than yours
You're opinion of me is glory
Glorifying in all these foreign
Back to future, and DeLorean
You ain't used to feelin' this important
Cars imported, girls imported
Insubordinate, get deported
Baby, check my inventory
Got a whole lot in store for ya
Birkin bags, purple tags
I can put a whole lot of shit on blast
Vera Wang, Balenciaga
Baby, you ain't never too fly for that
I talk a lot of shit (shit), 'cause I can back it up (back it up)
She know I'm the shit (shit), so baby back it up
We can go over time
We can move fast, then rewind
When you put your body on mine
And collide, collide
It could be one of those nights
When we don't turn off the lights
Wanna see your body on mine
And collide, collide
Baby, it's all yours if you want it, all yours if you want it
Put it down you can want it tonight
Said it's all yours you can want it, all yours can you want it
Put it down you can want it, let's collide
I know that this is love when we touch, boy
You got my heart
And can't nobody make me feel like you do, boy, like you do
♪
('Cause baby we can go)
We can go over time
We can move fast then rewind
When you put your body on mine
And collide, collide
It could be one of those nights
When we don't turn off the lights
Wanna see your body on mine
And collide, collide
Baby it's all yours you can want it, all yours you can want it
Put it down you can want it tonight
Said it's all yours you can want it, all yours if you can want it
Put it down you can want it, let's collide",https://open.spotify.com/track/5kY2DRIom6dcVZbQb1SAX8,260
Conscious,Space and Time,https://open.spotify.com/album/0u5rzBrMMWxw38l9T3dFu9,2021,8914025,"Where? Where have you, you been?
Where have you been?
How did you get here?
Where have you been?
♪
Where? Where? Where have you been?
I'm mad at you, baby",https://open.spotify.com/track/36Ezh1UxFKlr8blLAF7Sk8,75
Do It Right,Dark Side,https://open.spotify.com/album/0FvZIwN0AHWYQVyuS3KR7H,2023,1068048,"Look at you
What are you tryna prove?
Like we don't know the truth
How do you get confused?
Baby, you don't mean it and I don't need it
All of that talk keep it, keep it
You know me, ain't the only one I see
Ain't the only one I need here
But if you play your cards right, hmm
Baby, you're mine, only for the night
Can do what I like?
Wanna know if you can do it right, yeah
You ain't gotta tell me who you been with
I don't give a fuck 'bout where you go
I've been dodging all your calls
Laid up with another nigga that you know, yeah
We gotta act like this
Something we did before, yeah
I'm just tryna get you vibing
If you got a problem, maybe you should go
Walked in the club, headed straight to the back
Can you grabbing my ass, oh boy, no you act
Then I don't get attached, give me tucked in a cup
'Cause I know it ain't love
But you know good as fuck, yeah
You know me, ain't the only one I see
Ain't the only one I need here
But if you play your cards right, hmm
Baby, you're mine, only for the night
Can do what I like?
Wanna know if you can do it right, yeah
It's about time, why don't we go
Know you been waiting on my queue so
Siting on top, make my ass roll
I'ma show you what I like, struck my ego
You know me, ain't the only one I see
Ain't the only one I need here
But if you play your cards right, hmm
Baby, you're mine, only for the night
Can do what I like?
Wanna know if you can do it right, yeah
You know me, ain't the only one I see
Ain't the only one I need here
But if you play your cards right, hmm
Baby, you're mine, only for the night
Can do what I like?
Wanna know if you can do it right, yeah",https://open.spotify.com/track/47zIZ8on4OGsLdO47wOVfw,151
Don’t Think About It,ULTRAVIOLET,https://open.spotify.com/album/75LxF9bnfpeimog46qoQJl,2018,9386770,"Every time I think about us
I know I'm cool 'cause I know it ain't love
I know I'm cool 'cause I know it ain't, trust
We about that all day loving, all night
Calling up your phone, I'm trying to hit
I'm still getting over what you did to me
You sent me a picture of your (Uh)
And I was like: ""Ahhh-ahh, ahhh-ahh""
I'll be 'round in 10 or maybe less
You can pour the Henny and then get me out my dress, oh
Don't want no one else, he do it best
You got me like (Ohh), mmm (Yeah), oh
Keeping me up like insomnia
But when we're done, I'm back in my car
We fit together but we're better apart
Like mmm, yeah, yeah, yeah
Every time I think about us
I know I'm cool 'cause I know it ain't love
I know I'm cool 'cause I know it ain't, trust
We about that all day loving, all night
Don't think about it
Every time I think about this
I know I'm cool 'cause I know what this is
I know I'm cool 'cause I-I'ma re-list
We about that all day loving, all night
Don't think about it
Flew into L.A., I'm on the strip
My whip in Calabasas, come and pick me up
I'm not trying to hang, I wanna dip
I'm dreaming 'bout ahhh-ahh, ahhh-ahh
You ain't gotta stress about no strings
I prefer it if we're on a talking, it ain't a ting, no
You ain't gotta worry 'bout a thing
You got me like (Mmm), oh (Oh), oh
Keeping me up like insomnia
But when we're done, I'm back in my car
We fit together but we're better apart
Like mmm, yeah, yeah, yeah
Every time I think about us
I know I'm cool 'cause I know it ain't love
I know I'm cool 'cause I know it ain't, trust
We about that all day loving, all night
Don't think about it
Every time I think about this
I know I'm cool 'cause I know what this is
I know I'm cool 'cause I-I'ma re-list
We about that all day loving, all night
Let's slow down
Let's slow down
Keeping me up like insomnia
But when we're done, I'm back in my car
We fit together but we're better apart
Like mmm, yeah, yeah, yeah
Ooohh, every time I think about us
I know I'm cool 'cause I know it ain't love
I know I'm cool 'cause I know it ain't, trust
We about that all day loving, all night
Don't think about it
Every time I think about this
I know I'm cool 'cause I know what this is
I know I'm cool 'cause I-I'ma re-list
We about that all day loving, all night
Don't think about it",https://open.spotify.com/track/4IlakQ3QzAp2WD5tjIpAs7,170
Don’t Worry,Emotionally Unavailable,https://open.spotify.com/album/0DU2vGl3iqTMSHHHd2l6eP,2015,769030,"I never thought I'd make it
But I've been standing my ground
And I'm doing just fine without you
Yeah no I don't even trip about it
And ever since you went left
I found what's right for me, loving myself
enough for two
No I don't even trip about it
Thank you for the light you showed me
cause I know now
What I wish I would've know
I'm just loving life, yeah I'm just doing me
I'm strong enough when I'm alone
So you ain't gotta worry 'bout me baby
(don't worry bout me baby)
I'm good, I'm good
So you ain't gotta worry 'bout me baby
(don't worry bout me baby)
I'm good, yes I'm good
I did it all before you, you know it, so I
can do it again
See you ain't gotta worry 'bout me baby
(don't worry bout me baby)
If I'm the one that held me down then I
can hold it down for myself
Hold it down, hold it down yeah
Hold it down, hold it down yeah
Hold it down myself
I won't forget about it
Cause you meant everything to me, but
now I'm looking out for something new
But all I really wanted was to be with you
baby
Oh now I'm saying
Thank you for the light you showed me
cause I know now
What I wish I would've know
I'm just loving life, yeah I'm just doing me
I'm strong enough when I'm alone
So you ain't gotta worry 'bout me baby
(don't worry bout me baby)
I'm good, I'm good
So you ain't gotta worry 'bout me baby
(don't worry bout me baby)
I'm good, yes I'm good
I did it all before you, you know it, so I
can do it again
See you ain't gotta worry 'bout me baby
(don't worry bout me baby)
If I'm the one that held me down then I
can hold it down for myself
Whoa but most importantly, I wanted to
believe that you were mine
Because I loved you baby
But now I finally see, I need a real love to
keep me alive
Now I'm on to the next thing
Thank you for the light you showed me
cause I know now
What I wish I would've know
I'm just loving life, yeah I'm just doing me
I'm strong enough when I'm alone
So you ain't gotta worry 'bout me baby
(don't worry bout me baby)
I'm good, I'm good
So you ain't gotta worry 'bout me baby
(don't worry bout me baby)
I'm good, yes I'm good
I did it all before you, you know it, so I
can do it again
See you ain't gotta worry 'bout me baby
(don't worry bout me baby)
If I'm the one that held me down then I
can hold it down for myself",https://open.spotify.com/track/4hiLCuncmdtTufKBdeitgr,231
Everyday Living,Everyday Living,https://open.spotify.com/album/02C690ZuIlrpxIjBZhhuzq,2013,918893,"Passion for the finer things
And you know that its only getting worst, only getting worst
I ain't got no diamond rings, but you know that
I'm gonna make it work, gonna make it work
So y'all can dine with me, shine with me
Ride with me, grind with me, climb with me
Long as you down for me, round for me
Its gonna be, everything, you ever dreamed
Hey ah hey ah (heyy) hey ah hey ah (heyy)
I'm saying last time that I look, things look real good
Hey ah hey ah (heyy) hey ah hey ah (heyy)
And if you look around the town, you can see I hold it down
(Baby) I'm getting this money, out here in LA (LA)
Beach side in Miami (Miami) that's everyday
I want to live, like this forever (ever)
Everyday is adventure (adventure)
This life that I own (own)
This life that I want (want)
Ohh woahh, and if you want to fade into the night
Then we can do it how every you like
And if you look around the town, you can see how I hold it down (oh)
Living loving everyday and you know that
Its passing, passing by, passing, passing, by
Early mornings, working late
So you know so you know my only limit is the sky, limit is the sky
I want y'all can dine with me, shine with me,
Ride with me, grind with me, climb with me
Long as you down for me, round for me
Its gonna be, everything, you ever dreamed
Hey ah hey ah (heyy) hey ah hey ah (heyy)
I'm saying last time that I look, things look real good
Hey ah hey ah (heyy) hey ah hey ah (heyy)
And if you look around the town, you can see I hold it down
(Baby) I'm getting this money, out here in LA (LA)
Beach side in Miami (Miami) that's everyday
I want to live, like this forever (ever)
Everyday is adventure (adventure)
This life that I own (own) this life that I want (want)
Ohh woahh, and if you want to fade into the night
Then we can do it how every you like
And if you look around the town, you can see how I hold it down (oh)
Feels like I'm on top of the world
Looking down, everybody staring
Looking at me for their fashion and style
So they know what they should be wearing
(Ohh) Made some money, now I deserve my time
And now that I'm coppin whatever I want
My whole team gon' be fine
Hey ah hey ah (heyy) hey ah hey ah (heyy)
I'm saying last time that I look, things look real good
Hey ah hey ah (heyy) hey ah hey ah (heyy)
And if you look around the town, you can see I hold it down (baby)
I'm getting this money, out here in LA (LA)
Beach side in Miami (Miami) that's everyday
I want to live, like this forever (ever)
Everyday is adventure (adventure)
This life that I own (own)
This life that I want (want)
Ohh woahh, and if you want to fade into the night
Then we can do it how every you like
And if you look around the town, you can see how I hold it down
(See how I hold it down) Woahhhhhhh
Oh oooooo
Yeahhh, yeahhh-ahhh
Owwwwahhhh",https://open.spotify.com/track/7xGNd1RlIKaniCfeuUjaok,242
FAV,BARE WITH ME (The Album),https://open.spotify.com/album/3KhbfZCXAGH3Zih09mAp5e,2020,1054885,"I just wanna be, yeah, favorite
Oh, oh
I know this could be a little unusual
So I'ma tell you what you didn't know
You give me everything I'm crazy for
Every single time, that you be the DJ (oh)
Play me somethin' from the streets
Both bodies callin' out, two part harmonies
I'ma let you take the lead (the lead)
Like your magic on repeat, 'peat
I just wanna be your favorite (I just wanna be your favorite)
Meet you drunk and blow on these purple vapors
I can tell you want me naked (I can see you want me)
Ooh, you know we're on the same wavelength
I just wanna be your favorite (I just wanna be your favorite)
Meet you drunk and blow on these purple vapors
I can tell you want me naked (I can see you want me)
Ooh, you know we're on the same wavelength
I just (I just) wanna be your favorite baby
I just wanna be your (I just wanna be, wanna be your) favorite
I just (I just) wanna be your favorite
(I just wanna be, wanna be your favorite)
(Baby girl) oh-oh, baby
Baby
You know I'm not your average or typical
Yeah, I'm the type of girl that you should know
I'ma give you everything you crazy for
Every single time, that you be the DJ (oh)
Give me somethin' from the streets
Both bodies callin' out, two part harmonies
I'ma let you take the lead
Like your magic on repeat, oh, oh
I just wanna be your favorite (I just wanna be your favorite)
Meet you drunk and blow on these purple vapors
I can tell you want me naked (I can see you want me)
Ooh, you know we're on the same wavelength
I just wanna be your favorite (I just wanna be your favorite)
Meet you drunk and blow on these purple vapors
I can tell you want me naked (I can see you want me)
Ooh, you know we're on the same wavelength
I just (I just) wanna be your favorite baby
I just wanna be your (I just wanna be, wanna be your) favorite
I just (I just) wanna be your favorite (wanna be naked)
(I just wanna be, wanna be your favorite) uh, oh
(Uh-oh, baby) baby
I'm gonna be your, gonna be your
I just want to love me, I'm gonna be
I'm gonna be your, gonna be your",https://open.spotify.com/track/1Fi0rRQOIBcNXB0MxNYbwY,210
Fun,8 Ounces,https://open.spotify.com/album/0qKVC0VLIoSKSTdCHWPo7c,2016,319518,"Tell me what you want babe
I'd do whatever it takes
I make you my fake friend
Tell you what you now I will give it somehow
I will be the best babe
I wanna have fun with you
Tonight
I wanna have fun with you
Tonight
Youuu've been everything that I want to be a part of you
You call me when you get home
I'd right over you",https://open.spotify.com/track/1hSrWVcL4Y9Cc4UH8tX6Wi,122
Good by Now,Everyday Living,https://open.spotify.com/album/02C690ZuIlrpxIjBZhhuzq,2013,576799,"When I tell you something why don't you believe me?
If you always think I'm doing something greasy (Ohh ohh ohh ohhhh)
I can feel it in my heart I still love you (Ohh ohh)
But I don't know if I can take another sleepless night
No I don't know if I can take another stupid fight
No I don't know if I can take another sleepless night without you
You don't know I'm dying
Can't see my tear drops drying
We should be good by now
We should be good by now
And baby ain't you tired?
Every night and day, running around in circles baby nothing ever changed
We should be good by now
We should be good by now
Every time I walk away, I always run back (run back)
And nobody understands how much I miss that (Oh ohhh)
I can feel it in my heart I still love you
But I don't know if I can take another sleepless night
No I don't know if I can take another stupid fight
No I don't know if I can take another sleepless night without you
Tell me how much longer, want it to be over
I don't wanna argue, be angry no more
Don't know if I'm strong enough
This ain't the kind of love I every wanted
Never no never thought it would be like this
x2
But I don't know if I can take another sleepless night
No I don't know if I can take another stupid fight
We should be good by now
We should be good by now",https://open.spotify.com/track/5csjOMdchZX4ZN2tEF1Jbq,283
Goodlove,ULTRAVIOLET,https://open.spotify.com/album/75LxF9bnfpeimog46qoQJl,2018,7943668,"Fiesta fiesta
Justine and Fiesta
Two in the AM come and get it, get it
It's mine (ya, do ya. do ya dig)
You don't stay, you don't stay far from the crib
So baby pick up, pick up When I'm calling for it
Skrrrt, pull up, I want goodlove
Pull up, I want goodlove
Always go to papi's House
Come and take a trip to New York while it's dark out
Batman in the lambo
No ones gotta see us when the lens is colored camo
Gotta keep my favorite song on repeat
Big things backin' up Beep-Beep
You know, you know, you know how to reach me
Hit me on that iMessage or wi-fi
Ricky ricky ricky are you rollin'
Know you like to pull up with the foreign
Every nigga bought but they ain't scoring
Practice? I'm tryna get some more in
Wet wet wet tryna get me out my nest
Tryna get me super super super soaked woah
Tryna get ya crackin like a yolk, yo
I just wanna tell you that I'm woke
Two in the AM come and get it, get it
It's mine (ya, do ya. do ya dig)
You don't stay, you don't stay far from the crib
So baby pick up, pick up When I'm calling for it
Skrrrt, pull up, I want goodlove
Pull up, I want goodlove
I'm about to start a situation
I'm about to bring it to the basement
Like if i pull up will i get the whole thing
I'm just tryna be up in ya like a nose ring boy
It's raining outside, you want me to put away my pride
You want me to pull out my ride
Cause you think that is easy there for me to slide over to you
It's over when i get to you
I know it's over when you calling me past two
I know it's over cause i'm tryna come fast to ya
Pretty ricky i'm rollin'
Hoppin out the air force like Jordan
Pullin up to practice every morning you know i'll be pouring
Wet wet wet tryna get me out my nest
Tryna get me super super super soaked woah
Tryna get ya crackin' like a yolk, yo
I just wanna tell you that I'm woke
Two in the AM come and get it, get it
It's mine (ya, do ya. do ya dig)
You don't stay, you don't stay far from the crib
So baby pick up, pick up When I'm calling for it
Skrrrt, pull up, I want goodlove
Pull up, I want goodlove
Boy, Don't be
Boy Don't be playing games
Ain't a boy toy (yea)
You're so lucky that I let you get into me
Now you got something to say to your enemies
Ain't no politician but I want Kennedy
I want top, yeah, give me memories
My heart is open for you
Only for you, only for you right now, now
It's 24 open for you, it's 24 open for you right now, now
It's 24 open for you that 365 just for you
But get that Na-Na wet
Wet wet wet tryna get me out my nest
Tryna get me super super super soaked woah
Tryna get crackin' like a yolk, yo
I just wanna tell you that I'm woke
Two in the AM come and get it, get it
It's mine (ya, do ya. do ya dig)
You don't stay, you don't stay far from the crib
So baby pick up, pick up When I'm calling for it
Skrrrt, pull up, I want goodlove
Pull up, I want goodlove
I want goodlove, I want goodlove
Good Love oh yeah",https://open.spotify.com/track/4qAPq3U8GkcKmU8lQcsKLD,249
Hard Work,Everyday Living,https://open.spotify.com/album/02C690ZuIlrpxIjBZhhuzq,2013,1076277,"Gonna work you hard
♪
Work you hard
Look all them chains
Don't need none of your money baby
This ain't one of them things
You can't win easy from me baby
Keep that ego at home
None of that's gonna phase me baby
I'm not scared to leave you alone
You ain't gonna play my heart, just like all the ones before
You're no good and I know, but I still want you
Play my heart, just like all the ones before
You'll regret it
Gonna gonna work you hard, work you
Gonna work you hard, work you
If you want me to love you, gonna work you hard
♪
Show me that you're worth it You can keep all them cars, they won't get you no further baby
Keep on doing you part, one day you gone deserve me baby
Don't you put on a show, if you keeping it real baby I won't have to leave you alone
♪
You know it won't mean nothing, if you don't work this loving
The right way, straight to my heart",https://open.spotify.com/track/1PG9I8rxppkipFcTSYCARE,222
Heaven,ULTRAVIOLET,https://open.spotify.com/album/75LxF9bnfpeimog46qoQJl,2018,5142267,"Whoever said I need a halo
To make it out alive
Don't think I'll ever be an angel
I'm floating in the sky, I might have never been this high
Paradise ain't for
When you got someone who lights your dark
You make me feel like heaven all the time
All the time, all the time, all the time, yeah
You make me feel like heaven all the time
All the time, all the time, all the time, yeah
You got me feeling like I'm finally here
But it's no wonder you gon' leave me hurt
'Cause you make me feel like heaven all the time
All the time, all the time, all the time, yeah
I always feel like I'm forsaken
With you, I feel saved, yeah
My heart has always hit the pavement
I've never been a saint, but maybe that'll change
Paradise ain't for (ain't for, no)
When you got someone who lights your dark (lights your dark)
You make me feel like heaven all the time
All the time, all the time, all the time, yeah
You make me feel like heaven all the time
All the time, all the time, all the time, yeah
You got me feeling like I'm finally here
But it's no wonder you gon' leave me hurt
'Cause you make me feel like heaven all the time
All the time, all the time, all the time, yeah
Slowly fading, drifting deeper
Take me home, I've waited for this moment
Don't you know that love still catch you any far?
Don't you know that love shots better in the dark?
I've been slowly fading, mm
You make me feel like heaven all the time
All the time, all the time, all the time, yeah
You make me feel like heaven all the time
All the time, all the time, all the time, yeah
You got me feeling like I'm finally here
But it's no wonder you gon' leave me hurt
'Cause you make me feel like heaven all the time
All the time, all the time, all the time, yeah, yeah",https://open.spotify.com/track/4vPHr6NrIlCWlw2Owjbdge,204
Hey Sucka,Space and Time,https://open.spotify.com/album/0u5rzBrMMWxw38l9T3dFu9,2021,410848,"Couldn't tell, that's 'cause at first it was going well
You've been out of line, I've been foundin' out
Guess I'm in denial once you're going down
But I'm so disappointed how you went about it
So now I'm like
(Hey sucka nigga) Yeah
(Hey sucka nigga) Uh
Ooh-ooh, whatever happened to you
Seems like the rumors were true
Looks like you gotta figure shit out boy
Countin' all the ways I can say I made you, oh
Oh-oh-ooh
Trust me, ain't no turning back
Lame ass, broke ass, miss me with that
Sick how you played it off
Love how you think that I lost
Fuck you wherever you are
(Hey sucka nigga, hey sucka nigga)
Trust me, ain't no turning back
Lame ass, broke ass, miss me with that
Sick how you played it off
Love how you think that I lost
Fuck you wherever you are
(Hey sucka nigga, hey sucka nigga)
Jealousy, you was outta line when you texted me
Call me on my name and my momma too
While you act like nobody raised you
And I'm so disappointed how you went about it
So now I'm like
(Hey sucka nigga) Yeah
(Hey sucka nigga) Yeah
Ooh-ooh, whatever happened to you
Seems like the rumors were true
Looks like you gotta figure shit out boy
Countin' all the ways I can say I made you, oh yeah
Oh-oh-ooh
Trust me, ain't no turning back (no turning back)
Lame ass, broke ass, miss me with that (lame ass, miss me with that)
Sick how you played it off (yeah)
Love how you think that I lost (yeah)
Fuck you wherever you are
(Hey sucka nigga, hey sucka nigga)
Trust me, ain't no turning back (no turning back)
Lame ass, broke ass, miss me with that (lame ass, broke ass nigga, miss me with that)
Sick how you played it off
Love how you think that I lost
Fuck you wherever you are
(Hey sucka nigga, hey sucka nigga)",https://open.spotify.com/track/2S2JhEdRlfWUTztsvmS91B,195
Hypnotized,Space and Time,https://open.spotify.com/album/0u5rzBrMMWxw38l9T3dFu9,2021,468099,"Put it down on me
Do it good, lose if you change on me
Every night, what I like? You inside
Ain't a damn thing, this is so big
Got me hypnotized 'cause
If I know one thing
You ain't earn trust
Givin' all this energy to us
If I'm wasting all my time on lust
Damn ain't enough
I get it in my head, I feel like
You made me this way, that's real life
I'm feeling away, I can't lie
She gettin' my way, I just might
Might smack this ho, ho
She gettin' my way, I just might
Lose all control
She gettin' my way
Boo, I'm the only reason anybody look at you
If you ain't? My agenda
These days, niggas think they sweet till they end up
Bein' just a friend of me, yeah
I get it in my head, I feel like
You made me this way, that's real life
I'm feeling away, I can't lie
She gettin' my way, I just might",https://open.spotify.com/track/44bEkv176SywFGGvbUxVOb,74
I Don't Wanna,Everyday Living,https://open.spotify.com/album/02C690ZuIlrpxIjBZhhuzq,2013,1040326,"I don't wanna, oh, woah, woah-oh
Oh, oh, oh, oh, oh-ooh-oh
When we hooked up, we sat down
Made an agreement, we vowed that
That we'd always be together through whatever
You said that, ""No one would ever get between us
This love would never ever leave us""
That was a while ago
But now lately feels like
I mean, I feel like all we do is fight every single night
Can't keep it tight, can't get it right
I just wanna go back, take it way back
All the way back, can we start again?
Do it over, can we straighten it out?
Can we work it out?
'Cause I don't wanna
Be without you, be without you
I don't wanna (don't wanna)
Live without you, live without you
I don't wanna
Go without you, go without you
I don't wanna be alone
I don't wanna be
Be without you, be without you
I don't wanna live
Live without you, live without you
I don't wanna go
Go without you, go without you
I don't wanna be alone
I can't sleep without you, think without you
Eat without you, speak without you, be without you
I can't even breathe without you
I can't feel without you, deal without you, spend without you
My whole world is upside down
Don't wanna go out 'cause I can't ride without you
Like I'm gon' die without you
What is a girl supposed to do?
Wanna I spend my last dime being in your life
I don't wanna be without you
I don't wanna
Be without you, be without you
I don't wanna (don't wanna)
Live without you, live without you
I don't wanna (don't wanna)
Go without you, go without you
I don't wanna be alone
How can this be?
That it's not workin' out
We vowed to be always together
It's hurting me
Wasn't supposed to be this way
Where do we go wrong?
We both made mistakes, we gotta carry on
Turn up now
I don't wanna
Be without you, be without you
I don't wanna (don't wanna)
Live without you, live without you
I don't wanna
Go without you, go without you
I don't wanna be alone
I don't wanna (be)
Be without you, be without you
I don't wanna (live)
Live without you, live without you
I don't wanna go
Go without you, go without you
I don't wanna be alone",https://open.spotify.com/track/66NUra2pKlUAkfgj644TKp,230
I’m Yours,Emotionally Unavailable,https://open.spotify.com/album/0DU2vGl3iqTMSHHHd2l6eP,2015,15086597,"I don't mean to show it on my face, babe
And I don't mean to wear it on my sleeve
But when we messed around
Suddenly my hearts were found
And now I wanna call you my baby
I wanna be your best friend, yeah
It's so crazy, amazing
And you know it
You know I'm feelin' you, and you like it
You like it cause you know I'm yours
You know exactly what to do, and I like it
I like it cause I know I'm yours
I'm yours
Everybody's tellin' me I've been changin'
Cause I ain't ever been in love before
But we know what it is
And I believe you're what I've been missing
But now I wanna call you my baby
I wanna be your best friend, yeah
It's so crazy, amazing
And you know it
You know I'm feelin' you, and you like it
You like it cause you know I'm yours
You know exactly what to do, and I like it
I like it cause I know I'm yours
I'm yours
She like my style, right? But that's to be expected
But is your mind right? Are you self-reflective?
Can you handle the limelight when you under pressure?
Like 50 said, girl, 21 questions
You're my Medicaid, prolly make me levitate
What's up with the head? Ooh not to get ahead of things
Don't be shy, just back it up on me
Take your time, I like it when you slow me down
I've seen so many girls tonight, I do not know what to do now
But tell you you're mine
And you know I'm feelin' you, and you like it
You like it cause you know I'm yours
You know exactly what to do, and I like it
I like it cause I know I'm yours
I'm yours",https://open.spotify.com/track/52ZAsLhFwhCZsExUpSdG5H,175
In My Bag,Space and Time,https://open.spotify.com/album/0u5rzBrMMWxw38l9T3dFu9,2021,4806053,"When I'm in my bag
My phone stay in my bag
I'ma have to call you back
When I'm done throwin' it back, back
I work so hard, so I can throw this cash
And I'ma make it all right back
This got me up in my bag, yeah
Pullin' up new G wagon
Look at us, ooh, we braggin'
Look at me kill this fashion
And I ain't gon' let up
Know these bitches mad at me soon as they get up
Know your man lookin' at my page when he get up
Know the cash, hit the bank when the phone lit up
All action, no gas
Big talk, big facts
I got the plug, got him fast
I know I ain't pickin' up on your calls or your FaceTime
When I feel like that
When the night's long, and the sun way back, yeah
There's no limit to me, yeah
When I'm in my bag
My phone stay in my bag
I'ma have to call you back
When I'm done throwin' it back, back
I work so hard, so I can throw this cash
And I'ma make it all right back
But tonight I'm in the mood to
Pop that pussy, and shake that ass
Have a good time, I'ma throw this cash
Pop that, I'ma shake that ass
And I'ma make it right back, yuh
If you're mad, let me know
I'll be runnin' it up in SoHo
Doing all this shit dolo
Showing them how it go, go
If you was authentic
Would have said it with your chest if you meant it
And your nigga left, but you still won't admit it
Now I'm like hmm, boy, he can get it
All action, no gas
Big talk, big facts
I got the juice outta New York
And I'm in up in your city
Bitch, you should do more
When I feel like that
When the night's young, and the sun way back, yeah
There's no limit to me, yeah
When I'm in my bag
My phone stay in my bag
I'ma have to call you back
When I'm done throwin' it back, back
I work so hard, so I can throw this cash
And I'ma make it all right back
But tonight I'm in the mood to
Pop that pussy, and shake that ass
Have a good time, I'ma throw this cash
Pop that, I'ma shake that ass
And I'ma make it right back, yuh
When I'm in my bag
Make it right back
When I'm in my bag
My phone stay in my bag
I'ma have to call you back
When I'm done throwin' it back, back
I work so hard, so I can throw this cash
And I'ma make it all right back
But tonight I'm in the mood to
Pop that pussy, and shake that ass
Have a good time, I'ma throw this cash
Pop that, I'ma shake that ass
And I'ma make it right back, yeah
Pop that pussy, and shake that ass
Have a good time, I'ma throw this cash
Pop that, I'ma shake that ass
And I'ma make it right back, yeah
Ayyy, hahaha
Yeah! Yes!
Bitch!",https://open.spotify.com/track/0wmDwkvM9BX5ugfgiuZ6EE,208
Innocent,Space and Time,https://open.spotify.com/album/0u5rzBrMMWxw38l9T3dFu9,2021,5310488,"If my girl only knew that you was tryin'
What would she-, what would she do?
If my girl only knew that you was tryin'
What would she-, what would she-?
Reach out to me
Sometimes, boy, I wish you would
I'm wonderin' if I should
I'll pull up, ran to yo' hood
'Cause I've been missin' you
He been comin' through
Just something to keep my interest up
Boy, I hate when shits like this
Make me all insecure, wasted
'Cause you know you ain't never gave what I give
You ain't innocent
You ain't innocent, boy
You ain't innocent, innocent (boy, yeah)
Innocent
You ain't innocent, boy (innocent)
You ain't innocent, innocent, boy
If my girl only knew that you was tryin'
What would she-, what would she-?
Reach out to me
You know I wish you would
I'll pull up when nothing nice to try
(You know that them other boys can't do it like I do)
She been comin' through
Fillin' in for you
So we both got a playlist
You know what the saying is
That's just what the game is, yeah
Ooh, I hate when she kiss like this
You get all insecure and venomous
Talkin' 'bout I ain't never gave what you give
But hold up
You ain't innocent
You ain't innocent, girl
You ain't innocent, innocent, girl (boy)
Innocent
You ain't innocent, girl (boy)
You ain't innocent, innocent, girl (boy)
If my girl only knew that you was tryin'
What would she-, what would she do?
Oh, no, boy
Ooh, yeah
Oh, no, oh-oh
You ain't innocent, no
You ain't innocent, no",https://open.spotify.com/track/4oFkTRy9DDZkbA33ntquc4,173
Intruded,Dark Side,https://open.spotify.com/album/0FvZIwN0AHWYQVyuS3KR7H,2023,10880392,"Last night, you were here
And what we did, it was something special
Boy, I know that you can feel it too
Can you let me know? It's a no brainer
Stop making it hard for me
Loving you comes so damn naturally
And I don't wanna regret taking you back
Seems like we can't resist every time we cross paths
You can't escape my love, so true, yeah
Like I invaded your heart, intruded
You could walk away, but you know that's foolish
'Cause it's like that, yeah, it's like that
Got him coming right back for all this loving
You can't walk away 'cause it's so damn good
I don't care what they say, all my loving goes to you
Yeah, you
Pushing me out of my elemеnt
Can't let it go 'cause it's Heavеn-sent
What if I never get this feeling again?
So I'm going out my way (going out my way)
Tryna make you say (tryna make you say)
That (that)
You making it hard for me
'Cause loving you comes so damn naturally
And I don't wanna regret taking you back
Seems like we can't resist every time we cross paths (oh)
You can't escape my love, so true, yeah
Like I invaded your heart, intruded
You could walk away, but you know that's foolish
'Cause it's like that, yeah, it's like that
Got him coming right back for all this loving
You can't walk away 'cause it's so damn good
I don't care what they say, all my loving goes to you
Yeah, you (you)
It's enough now, babe
You're the only man I'd chase
When you're out there searching
For someone who gets your way
They will never take my place
I can see it in your face
So just let me be yours
Oh, oh, oh",https://open.spotify.com/track/761I4NLAoiVbgcLL7uYxRp,186
Jamaicans Are Wack - Interlude,Emotionally Unavailable,https://open.spotify.com/album/0DU2vGl3iqTMSHHHd2l6eP,2015,0,"So this whole entire life you thought
she was Caribbean and your not?
Nope! Laugh
Im half Caribbean
Im Dominican
But you thought she was
Jamaican .
You thought she was west
indian and your not
hell no i dont think im no Jamaican!!
Jamaican is mad wack
WHAAAAT??
Jamaica is mad wack!
Laughs",https://open.spotify.com/track/2z4fO1oMRW09d4iCVUmALG,21
Jezebel,8 Ounces,https://open.spotify.com/album/0qKVC0VLIoSKSTdCHWPo7c,2016,881663,"Oh-Uh Oh-Uh
Oh Oh
Oh-Uh Oh
Oh Jezebel,
you're the girl the guys know so well
Jezebel,
don't wanna front you out but what the hell
Cause you all on my IG
Talkin shit 'bout me
All in my timeline
Picture you
Tryna out me
Internet thuggin
Avatar muggin
Now you got me black bagging
Got you on thought when I'm dragging, you
Jezebel,
you're the girl the guys know so well
Oh Jezebel,
don't wanna front you out but what the hell
We used to be friends
Now you all in my DM
From AM to PM
I just delete them
I heard you getting right now
On tour with what's-his-face
No debate, you know the place
Word's getting round now
You a player on the team, where all the boys go
Jezebel,
you're the girl the guys know so well
Oh Jezebel,
don't wanna front you out but what the hell
Show your face when you talk to me
Show your face
Show your face when you talk to me
Show your face
Show your face when you talk to me
Show your face
Show your face when you talk to me
Show your face
Jezebel,
you're the girl the guys know so well
Oh Jezebel,
don't wanna front you out but what the hell
What the hell
(Ends)",https://open.spotify.com/track/3Uqtv6mFE0jvMuOEWP4SLS,204
Lil' Boy,ULTRAVIOLET,https://open.spotify.com/album/75LxF9bnfpeimog46qoQJl,2018,934673,"Big papa
You dun lost my mother top shotta
Gave you one more chance, and you didn't love me proper
Thirsty
Okay momma give you little water
But no more nana, truely he does it better (uh)
If you wanna talk we can talk about it
But really there ain't nothing left to figure out
And if you wanna stop put your figures down
Boy, I got to go (oh), I'm out the door (oh)
I seen't you, I peeped you
You glassed, you see through
Red flag, but I still believed you
Pack up and move on is what you need to do
No more breath to waste on you
I had so much faith in you
You did what you wanted to
And now I gotta make moves, yeah
Boy, you a lil' boy
Still playin' games, you can miss me with the noise
Boy, you's a lil' boy
And I ain't got time for no itty, bitty boys
Damn, thought you had plans to be the man
But you too busy tryna be peter pan
Blowin' up my phone, now catch me if you can
But you could never catch me
Red carpet at the ESPYs'
Erased all the selfies, taking pictures with my nexty
Know you friendzoned, so you tryna' be my bestie
That ain't how the gang go
A new nigga in the house like L, L can go
No more breath to waste on you
I had so much faith in you
You did what you wanted to
And now I gotta make moves, yeah
Boy, you a lil' boy
Still playin' games, you can miss me with the noise
Boy, you's a lil' boy
And I ain't got time for no itty, bitty boys",https://open.spotify.com/track/1xUIZu1jpBUrMHFJOkIhor,157
Love Song,8 Ounces,https://open.spotify.com/album/0qKVC0VLIoSKSTdCHWPo7c,2016,442265,"I ain't even wanna say it (say it, say it)
I ain't tryna to blow your head up (head up)
Tryna to find a way to play it off
But I don't wanna wake up
I keep dreaming of you
But not enough to hit snooze
But it's not the world without you
Don't wanna say but it's true
You got me acting like a girl
You got me all in my feelings
You make me lose it til I've lost it
When usually I be bossing
You got me acting like a girl
But not so much that I ain't me
But just enough that I can see
It's no I in team
I knew it
It's just another fuckin love song
We're just another fuckin love song
I'm gon break your spirit
You gon break my soul
All this summer love goes cold
Just another love song
All good til it's gone
Now it's like you never knew me
Act like you don't know me
You used to hold me, the old me
Console me, show me what your love is made of
Now there's all this space between us
Brooklyn, Decatur
Now you the left fade us
I'm on the right, this ain't us
Why we can't just, and can't adjust I knew it
We just another fuckin love song
Just another fuckin love song
You gon break my spirit
I'm got break your soul
All that summer love turns cold
Just another love song
All good til it's gone (gone, gone)
Oh oh oh oh oh oh oh (Oh oh oh oh)
Oh oh oh oh oh oh oh
Oh oh oh oh oh oh oh oh oh oh oh
Oh oh oh oh oh oh oh
Oh oh oh oh oh oh oh
Oh oh oh oh oh oh oh
Oh oh oh oh oh oh oh oh oh oh oh
Oh oh oh oh oh oh oh
Just another motherfuckin love song
Just another fuckin love song, love song,
Oh no, oh
Oh oooh oh oh oooh oh oh
Yeah, baby, yeah",https://open.spotify.com/track/4owAoeXcd9Sq89mU5ZZALi,200
MAYBE,BARE WITH ME (The Album),https://open.spotify.com/album/3KhbfZCXAGH3Zih09mAp5e,2020,4354075,"Said I'm your wife now
And I'll take you
Anyway I want
Anyway I like it, babe
Said I'm your love now
And you can take that
Anyway you want (Oh)
Anyway you like tonight
Feelin' I got ya, boy
Big in the G tonight (Yeah)
You are the reason why I'm high (High)
So take out your wings and fly
Know I'm the reason why (Reason)
Hey yeah
Baby, Maybe
Take me Baby
I'll go, ay-ee
Drive me crazy
You ain't gotta persuade me
I know I'm your lady
I'll accept and know you love, baby yeah
Really lustin' you I-
Let me hold onto you I-
Love and tell me (Love and)
You'll be similar to taste
All of you
Have me anyway you want tonight (Yah!)
I'm feelin' I got ya, boy
Big in the G tonight (Big in the G)
You are the reason why I'm high (High)
So take out your wings and fly (Take out your wings)
Know I'm the reason why (Know I'm the reason)
Hey yeah
Darlin'
Baby, Maybe
Take me Baby (Baby)
I'll go, ay-ee
(Oh!) Drive me crazy
You ain't gotta persuade me (You ain't gotta)
Seein' you so tender (Oh)
With the curse of me, oh! (Me)
Hey, let go (Oh!)
I saw my love (Saw my love, oh!)
Oh, baby we have chemistry (Oh!)
Baby we have chemistry
Baby we have chemistry
Baby we have chemistry",https://open.spotify.com/track/5Nc5EkQs8u89jpMT2rjr7I,176
Messin' with You (feat. Joey BadA$$ & AZ),Everyday Living,https://open.spotify.com/album/02C690ZuIlrpxIjBZhhuzq,2013,535064,"I'm only messin with you, you
Only messin with you, yoou-oou
Aint got no worries
No nine to five
So we chilling, we chilling
We chill (uhh huh uhh huh)
Aint in a hurry
Just living life
So we chilling, we chilling
Keep it chill
Im only messin with you, you
Only messin with you, yoou-oou
Im only messin with you, you
Only messin with you, yoou-oou
These thoughts of life are so safe (yeah they are, i know they are)
If we fall in love
Dont you worry
Cause i don't think you'll change your mind
I dont think you'll change your mind
No i dont think you'll change your mind
Change your mind, you won't
You wont change your mind
You wont change your mind
Im only messin with you, you
Only messin with you, yoou-oou
Im only messin with you, you
Only messin with you, yoou-oou
Only need one
Only need one
And the one i choose is you
Baby lets run
Baby lets run
You and i don't need no rules
I wish we had the world to ourselves sometimes
What a feeling when something feels so right
(Joey Bada$$)
Ayoo shawty if you need the business, im your guy
I oukd htyou. Up on my sattlitte",https://open.spotify.com/track/6ufmGq6at8JMkOvUXvX8kB,233
Million Days,BARE WITH ME (The Album),https://open.spotify.com/album/3KhbfZCXAGH3Zih09mAp5e,2020,571605,"There isn't many things
That I can say to you, right now
I had to save it for tomorrow
I can't imagine how you feel right now, so I'd
Rather not try
If you had somethin' to say to me
Why don't you try to speak, not walk away from me?
You gotta let me know, right now
'Cause I can't read inside your mind
And I'd rather not try
Love's a risk you take
It's a choice you make
It's so hard to monitor
All the time I get it
I-I-I-I-I-I-I-I, I
Don't need advice
Listen to my heart now, babe
I can understand you feel scared
Fightin' all the demons in your way
You gotta get it, you gotta get 'em
And honestly I'm down and out
'Cause I can't figure it out
You know it ain't that hard to get to me
If you wanted you could get to me
Every mornin', 6:00 a.m., I wake up thinkin' of you
Like the time we spent fallin' in love out in Malibu
All the ways you taste
It was nothin' I wanted more than you, understand
Every second that passes by like a million days
And I put too much in it to let it all go to waste
I know you feel the same, don't you?
Love's a risk you take
It's a choice you make
It's so hard to monitor
All the time I get it
I-I-I-I-I-I-I-I, I
Don't need advice (Don't need advice)
I know I don't need advice
Love's a risk you take
It's a choice you make (It's a choice you make)
It's so hard to monitor (It's so hard, yeah, it's so hard)
All the time I get it
I-I-I-I-I-I-I-I, I (Yeah, yeah)
Don't need advice
No-no-no, I don't
No-no-no, I don't, I don't advice
No-no-no
No, I don't, no-no
No, I don't, no-no
Oh, no-no, no-no
Oh, no-ah-ah-ah-ah
Ah-ah, oh-oh
Yeah, I don't advice
Oh, no, I don't, hmm",https://open.spotify.com/track/20sPcK5mv6O1mtdr3DfWab,191
Mmm Mmm,Space and Time,https://open.spotify.com/album/0u5rzBrMMWxw38l9T3dFu9,2021,1602875,"Mmm mmm
You should come and dance with me, yeah
Mmm
Feel my soul, I'm feelin' all your
Mmm
Crush it up, don't take too much
Mmm, mmm
Fire started dominatin'
Mmm, too hot, hot
And you make me so mmm
Too hot, can't stop
Boy, you better slow down
The music's so loud
Fallin' right out
Ah-ah, babe, I see the sound
Ah-ah, babe, I'm floatin' off the ground
Don't think I wanna come down (mmm-mmm, mmm-mmm)
A little game, that we both play
Don't know my name, I don't mind
It's okay, you'll find a metaphor
Where are your friends?
Let them all in, they'll be mine
You'll be over here meltin' with me
On the floor, I want more
You see, I don't really care 'bout who you be
Know it's late, it's okay 'cause
I don't want the night to end
Mmm mmm
You should come and dance with me, yeah
Mmm
I'll fulfill your fantasies
Mmm
Damn, I think I took too much
Mmm mmm
Fire started dominatin'
Mmm, too hot, hot
And you make me so mmm
Too hot, can't stop
Boy, you better slow down
The music's so loud
Fallin' right out
Ah-ah, babe, I see the sound
Ah-ah, babe, I'm floating off the ground
Don't think I wanna come down (mmm-mmm, mmm-mmm)
A little game that we both play
Don't know my name, I don't mind
It's okay, you'll find a metaphor
Where are your friends?
Let them all in, they'll be mine
You'll be over here meltin' with me
On the floor, I want more
You see, I don't really care 'bout who you be
Know it's late, it's okay 'cause
I don't want the night to end
Mmm mmm
Mmm mmm
Mmm mmm
Mmm mmm
Mmm mmm",https://open.spotify.com/track/6aYp71wU3shxOxGx1lpes5,194
Never Leave,Everyday Living,https://open.spotify.com/album/02C690ZuIlrpxIjBZhhuzq,2013,819295,"I feel your energy, boy you know my leverage (eh)
We got this energy, you take my heartbreak away
And on my darkest days, you show me a better way It makes me love you more
All these other dudes don't seem to add up
The way you do
Always said I don't say it enough
(you complete me baby)
I'll follow your lead (yeah)
Boy I'll never leave ya
Love me putting your hands on me (oh)
I can't believe you're laying next to me (oh)
I'll never leave ya Show me something about love and I'll show you something about love
We ain't worrying about nothing I got it I got you
I can't believe you're laying next to me (oh)
I'll never leave ya Some things are meant to be, baby it's so clear to see (yeah)
We built this chemistry, I couldn't ask for more
Always see eye to eye, wanna be around you all the time
Ride or die, your ride or die (ohhh)
(All these other)
All these other dudes don't seem to add up (add up, add up)
The way you do
Always said I don't say it enough
You complete me baby
I'll follow your lead (yeah)
Boy I'll never leave ya
Love me putting your hands on me (oh)
I can't believe you're laying next to me (oh)
I'll never leave ya Show me something about love and I'll show you something about love
We ain't worrying about nothing I got it I got you
I can't believe you're laying next to me (oh)
I'll never leave ya Never leave ya
I'll never never ne-never leave ya
I love a love a lo - Love your procedures
I'll never never ne-never leave ya
I love a love your love
I'll never leave ya, never leave ya
I love a love your love
Never never ne-never leave ya
I'll follow your lead (yeah)
Boy I'll never leave ya
Love me putting your hands on me (oh)
I can't believe you're laying next to me (oh)
I'll never leave ya Show me something about love and I'll show you something about love
We ain't worrying about nothing I got it I got you
I can't believe you're laying next to me (oh)
I'll never leave ya I'll never leave ya",https://open.spotify.com/track/40D2tFj8SQdw0e5yeOAaLK,238
No Options,BARE WITH ME (The Album),https://open.spotify.com/album/3KhbfZCXAGH3Zih09mAp5e,2020,2229702,"I'ma say what I want to 'cause I got to
Your favorite thing to do was cut me off but I stopped you
And you think I'm dumb but your day gon' come
Now face me, don't run
For you this shit fun
Settle down now, little amount, shakin' tables
I won't wild out like a child now but I'm able
Eyes wide like a fiend, makin' a scene
Now you're friends gonna see what I mean
You got me sick, you're so toxic
Our love blew up, catastropic
I feel like we have no options
Want something real but it's not this
♪
I finally said something
But I owe you nothing
Don't know why you are lonely
You gon' end up lonely
I won't battle with your ego or your fuckin' past, boy no, no
(Past, boy no, no)
Know you had it good but I'll probably your last, boy, yeah, yeah
'Cause this shit ain't love
I'm not what you want, I know I'm not home
You hate when I'm gone, oh
Settle down now, little amount, shakin' tables (yeah, yeah)
I won't wild out like a child now but I'm able (yeah)
Eyes wide like a fiend, makin' a scene
Now you're friends gonna see what I mean
You got me sick, you're so toxic
Our love blew up, catastropic
I feel like we have no options
Want something real but it's not this
♪
(Hmm)
Suddenly I can hear myself
(Hmm-oh)
How did I end up here?
(Hmm)
Late night I feel like my mind gets cloudy
And I, know
I know that I've tried and you just ignored my effort
And I swear (ooh)
There's no more time wastin', treat me like I'm crazy, it's you, woah
♪
Settle down now, little amount, shakin' tables
I won't wild out like a child now but I'm able
Eyes wide like a fiend, makin' a scene
Now you're friends gonna see what I mean
You got me sick, you're so toxic
Our love blew up, catastropic
I feel like we have no options
Want something real but it's not this
♪
(Oh-oh)
I know that I'm not nothing (oh-oh)
Lover, I think you're so toxic for this love (oh-oh, oh-oh)
♪
Eyes wide like a fiend, makin' a scene
Now you're friends gonna see what I mean
You got me sick, you're so toxic
Our love blew up, catastropic
I feel like we have no options
Want something real but it's not this",https://open.spotify.com/track/0Q3b98h3etqrNwQlWrqOkk,212
On & On,Emotionally Unavailable,https://open.spotify.com/album/0DU2vGl3iqTMSHHHd2l6eP,2015,1283544,"Right about now
We just started but oh damn this slaps
The DJ might just have to run this back
This be [?] like a heart attack
Can someone please tell me where Brooklyn at?
Ain't nobody on the wall in here
You with your man, but girl, see no one cares
I just came out here to have some fun
And I ain't worrying 'bout anyone
See all that I want is tonight to get crazy
I ain't going home and nobody can't make me
I just came out here tonight to have a good time
All day, all night, all day, all night
And the party don't stop 'til the sun come in the morning
So as soon as this drops, you gon' wanna get it poppin'
And nobody can stop us from doing what we're doing
It goes on and on and on (on and on)
And it's always turnt up like tomorow's never coming
Turn down for what? This the life and yeah I love it
Every minute, every hour of the day we keep it running
It goes on and on and on (on and on)
We gon' part like it's Project X
So you already know exactly what is next
There's a little bit of everything in here
Police tryna shut us down but we don't care
Now all my homies holdin' records in their hands
Tomorrow night we hope to do it all again
Oh yeah we gone, yeah we so gone
And I just hope this turn up never ends
See all that I want is tonight to get crazy
I ain't going home and nobody can't make me
I just came out here tonight to have a good time
All day, all night, all day, all night
And the party don't stop 'til the sun come in the morning
So as soon as this drops, you gon' wanna get it poppin'
And nobody can stop us from doing what we're doing
It goes on and on and on (on and on)
And it's always turnt up like tomorrow's never coming
Turn down for what? This the life and yeah I love it
Every minute, every hour of the day we keep it running
It goes on and on and on (on and on)
It just goes on and on and one
So I'ma do what i want, I'ma say what I want, I'ma kiss who I want, and I don't give a fuck what anybody thinks about it. Think I'm crazy now, i'm gonna keep on going on and on baby, on and on
And the party don't stop 'til the sun come in the morning
So as soon as this drops, you gon' wanna get it poppin'
And nobody can stop us from doing what we're doing
It goes on and on and on (on and on)
And it's always turnt up like tomorow's never coming
Turn down for what? This the life and yeah I love it
Every minute, every hour of the day we keep it running
It goes on and on and on (on and on)",https://open.spotify.com/track/2QlEtOiNBjGnnLBvT7rq6N,228
Push Ya,ULTRAVIOLET,https://open.spotify.com/album/75LxF9bnfpeimog46qoQJl,2018,559295,"I fucking came and leave it
Got me spinning game but that ain't me tho
I hit you everyday, I know you read 'em
But sometimes I do the same thing
Gotta let you know, let you know
I don't wanna get too close
Been lying to myself too long
Baby I try, try to act like I don't need you, baby I lie
See the truth is I want you 'cause
I'm tryna be the one, to make you fall
Tryna be the one, to make you fall
Even if I have to push ya, push ya, back (push ya, push ya, back)
Tryna be the one, to make you fall
I tried to die with you bullet
But when it comes to you, shit I couldn't
You're the only one who understands me
Want your love, I need it badly
I can't let you go (let you go)
Don't let you go
Feeling you to say the least
Gotta keep you on a leash
Baby I try, try to act like I don't need you, baby I lie
See the truth is I want you 'cause
I'm tryna be the one, to make you fall
Tryna be the one, to make you fall
Even if I have to push ya, push ya back (push ya, push ya, back)
Tryna be the one, to make you fall
♪
Push ya, push ya, back
Push ya back
Push ya back
Push ya, push ya, back
I'm tryna be the one, to make you fall
Tryna be the one, to make you fall
Even if I have to push ya, push ya back (push ya, push ya, back)
Tryna be the one, to make you fall
♪
To make you fall",https://open.spotify.com/track/7zOLqWphbXI9hkNrqtvG7b,197
Secrets,BARE WITH ME (The Album),https://open.spotify.com/album/3KhbfZCXAGH3Zih09mAp5e,2020,1083647,"Yeah
Yeah, yeah, yeah
Mmm, oh
Yeah
Oh no (yeah)
Not tryna hide your loving (loving)
I just need a moment
Sometimes I wanna end the call at night, and not be a problem
Open conversation (uh), can I have your patience?
Sometimes I need a little space and
I'll be, I'll be back in the morning
I know, know that you know (I know that you know)
That you'll be one of my secrets
Take it or leave it
I know (I know, know, know)
Know that you know (I know that you know, know, know)
That you'll be one of my secrets
Take it or leave it
I just need some time to myself
I don't need your help, right now
Can I put the phone back down? (No-oh-oh-oh)
I just need some time to myself
I don't need your help, right now
Lemme put the phone back down (Ah-ah-ah-ah)
I just wanna turn the lights down
Blow a tree in the background
Lying here in my night gown
Take a sip as I watch the sundown
Then I saw your text, didn't reply and now you're upset
Said there's tings that are on your chest
When you know that I just need rest, yeah, hey
I know (I know, know, know)
Know that you know (I know that you know, know, know)
That you'll be one of my secrets
Take it or leave it
I know (I know, know, know)
Know that you know (I know that you know, know, know)
That you'll be one of my secrets
Take it or leave it
I just need some time to myself
I don't need your help, right now (right now)
Can I put the phone back down? (Can I put the phone back down?)
I just need (hey) some time to myself (to myself, yeah, yeah)
I don't need your help, right now (right now)
Lemme put the phone back down (lemme put the phone back down)
I know (I know yeah), know that you know (I know that you know, yeah)
That you'll be one of my secrets
Take it or leave it (take it or leave it)
I know, know that you know (I know that you can hear me boy)
That you'll be one of my secrets (secrets)
Take it or leave it (leave)",https://open.spotify.com/track/6j3t1dZXb2FT4ddTSfrggI,195
Still,8 Ounces,https://open.spotify.com/album/0qKVC0VLIoSKSTdCHWPo7c,2016,461573,"Come to me
I want to love you back
Oh baby run to me
You are the best I had
Under the circumstance
I barely see your face
Can't forsake what we have
It just can't be replaced
I'm still yours
Whenever you wanna come back
I'm still yours... just like that
Uh huh
Ooooh yeah
I'm still yours
Ooooh yeah
Yes, I ignore your texts
Wish I could write you back
You say you're over her
But I don't know the facts
I want to be your lover
Want you to be my friend
I want this to go on
Hope this time it won't end
I'm still yours
Whenever you wanna come back
I'm still yours... just like that
Uh huh
Ooooh yeah
I'm still yours
Ooooh yeah
I don't know what she doing but she got me jealous
Look at what she ruined gotta run and tell it
I hope I don't seem foolish or super careless
But I wish I feel asleep and woke up back in Paris
With you
With you
Whenever you wanna come back
I'm still yours... just like that
Uh huh
Ooooh yeah
I'm still yours
Ooooh yeah
Boy come talk to me
I just need to see your face
Boy come and walk with me
I promise I won't step in the way
Baby I need you right now
To take these tears and hold me like I'm tender",https://open.spotify.com/track/5yXOMVkROX6lPOkK6DbMrE,246
Strangers,8 Ounces,https://open.spotify.com/album/0qKVC0VLIoSKSTdCHWPo7c,2016,416414,"Why do you insist on telling me that she's nothing to you?
Why do you complain about her to me as if it ain't true
If you don't love her, leave her right now for me
If you don't care about her, then where's my key?
I got questions about us. I got questions about us
There's nothing special about us
Every now and then we dro and Mary Jane-ing
So hot, so hot til we over flaming
Shoot first, shoot first in the eye of danger
Our friend know but this is what we tell the strangers
It ain't nothin'
Me and you, this ain't nothin'
Us two? This ain't nothing
Even if it's true, if it's true
What we might have, it ain't nothin
No matter what it looks like
When I'm with you boy I'm out my mind
But I never go too far; I always come back in time
1000 thread counts on the sheets
Is where we draw the line?
Anything over or under I don't mind
You ain't mine
If you don't love her, leave her right now for me
If you don't care about her, then where's my key?
They got questions about us. They got questions about us
There's something special about us
Every now and then we dro and Mary Jane-ing
So hot, so hot til we over flaming
Shoot first, shoot first in the eye of danger
Our friend know but this is what we tell the strangers
It ain't nothin'
Me and you, this ain't nothin'
Us two? This ain't nothing
What we might have, it ain't nothin
No matter what it looks like",https://open.spotify.com/track/2LHu3GQDzVXAnQ6h4SSscY,213
Sugarcoated,Emotionally Unavailable,https://open.spotify.com/album/0DU2vGl3iqTMSHHHd2l6eP,2015,466666,"Im a smart girl. But I do stupid stuff sometimes.
In a dark world, Where truth's the only light.
Don't feed me sugercoated, Words I don't want that no I want actions.
If you want me back then take me back then.
Its not about the picture, Its about the stupid Sh*t you did that got me thinking back to life then and back then.
Feeling so high school right now, more alcholic water in the pool right now.
I'm not tryna' be cool right now, I'm tryna' be with you like fool right now.
If real life I'm a smart girl. But I do stupid stuff sometimes.
I deserve truth. I'm real its only right.
Don't feed me sugercoated.
Facts about this world like I'm not in it.
Lies about how hard it is been winning.
Its not about the ending, It's about the way you living if your hearing this then chances are you living.
And just feeling so highschool right now.
More Alcholic, water in the pool right now.
I'm not tryna' be cool right now I'm just tryna' be with you like a fool right now.
Oh like that yeah.
You ain't gotta' lie to me baby.
You ain't gotta' lie to me.
Oh but don't feed me sugercoated.
Don't feed me. Yeah.
We gotta' lot of things yeah, yeah.
ohhhhh oh
ooooh oh",https://open.spotify.com/track/1dnhw6lvNYMGaYlY8ykvUI,268
Too Much,BARE WITH ME (The Album),https://open.spotify.com/album/3KhbfZCXAGH3Zih09mAp5e,2020,1352688,"First I was beggin' you to call me up (Call me up)
I'm beggin' you to stop, you call too much
What the fuck?
You tried to play me but I balled you up (Balled you up)
Weak defence, knew it was not enough
Know I be trippin', almost fallin' in love
Ignorin' the signs, calling it love
All the above
Thought it was different but it's only because
You caught me slippin'
I'm the one trippin' 'cause
I gave you a little, now you askin' for too much
Let you hit it once and now you askin' for two glugs
Wait for you to call me, I ain't heard from you for two months
I didn't move on, I only move up
Uh-uh, uh, oh-oh, oh
Damn, what you want from me? You askin' for too much
You're too much
You're too much
You're too much
You're too much (Yeah, yeah)
You're too much
Tell me you love me, you want me bad baby
If I just pull up, you call me mad crazy
Too hard to reach 'cause you in your bag lately
Spendin' my time wit' you only on my mind, on a regular
And I can't decide if it's regular
You tell me I need to chill with the bullshit
Gimme a minute for you to listen, oh
I gave you a little, now you askin' for too much (Pick it up right now)
Let you hit it once and now you askin' for two glugs
Wait for you to call me, I ain't heard from you in two months (Ay)
I didn't move on (Be there beside you), I only move up, uh-uh
(You the one crazy, been tryna phase me, I blame your love)
Uh, oh-oh, oh
Damn, what you want from me? (I'm at the gate, tellin' me to wait)
You askin' for too much (Fuck out my face, used to move like)
You're too much (Roll like I'm wasted)
You're too much (Don't want it 'cause you got it)
You're too much (You keep me hangin' on it)
You're too much (Together we exotic)
You're too much (You know that shit, don't front, nigga)
Thing is wit' you, I bought the coupe
Pull up and shoot, callin' a truce
You know the rules break just like that
When it's real then you come right back",https://open.spotify.com/track/538Y4KxiB5QZOJDSHM7Tnh,160
Too Young To Die,8 Ounces,https://open.spotify.com/album/0qKVC0VLIoSKSTdCHWPo7c,2016,371378,"No phones tonight
Paralyzed on you
Don't apologize
When tomorrow falls through
Oh don't even look my way
Stay, stay
Don't even talk my way
Stay, stay
I'm way too young to die (over you, over you)
I'm way too young to cry (over you, over you)
I'm way too dope for lies (over you, over you) Too fly to stand in line (over you, over you)
I'm way too young to die (over you, over you)
I'm way too young to cry (over you, over you)
I'm way too dope for lies (over you, over you) Too fly to stand in line (over you, over you)
First
First
I don't play second place
That love you say you got for me
Better fix the race
Cause I'll hang us off a balcony
Fix your face
Just fix your face
Oh don't even look my way
When you see me stay, stay
Oh don't even talk my way
Stay
I'm way too young to die (over you, over you)
I'm way too young to cry (over you, over you)
I'm way too dope for lies (over you, over you) Too fly to stand in line (over you, over you)
I'm way too young to die (over you, over you)
I'm way too young to cry (over you, over you)
I'm way too dope for lies (over you, over you) Too fly to stand in line (over you, over you)
First
First
I don't play second place",https://open.spotify.com/track/7m3IXj5Cw3YbCZ65s7Z0MV,195
Twisted Fantasy,Dark Side,https://open.spotify.com/album/0FvZIwN0AHWYQVyuS3KR7H,2023,4619251,"You hit me on the late night
I was coming through to get my head right
I can't even lie I had a drink or two
Anything I can to get my mind off you
Twisted fantasies in my head
And I don't wanna talk I wanna show you instead
You hit me right on time
Wonder where you at when you're not on my mind (hey)
What happened to the vibing, boy, you killed it
Another fuckboy off the list, as I predicted
How come shit could never be consistent?
Try to find another me, won't get it
What happened to the vibing, boy, you killed it
If you wanna come down, my way
Let me remind you, replay
If you just trust me, you'll stay
If you nuh trust me, no way
Give it to you right at the top, I don't wait
If you want something that you can't say
If you nuh trust me, won't wait
If you can't trust me, won't stay
Smoke just a little bit, vibe just a little bit
Drink just a little bit and I'll get rid of it all (hey)
Get rid of it all, baby
We smoke just a little bit, fight just a little bit
Drink just a little bit, can we get rid of it all
Get rid of it all, baby
And I ain't tryna play innocent
When you look into my eyes like that
And you're looking at the time I left
You're something, you know what, baby
Tryna tell myself
It's a little burnt out, I guess
But I'm constantly trying, oh, no
If you wanna come down, my way
Let me remind you, replay
If you just trust me, you'll stay
If you nuh trust me, no way
Give it to you right at the top, I don't wait
If you want something that you can't say
If you nuh trust me, won't wait
If you can't trust me, won't stay
(Pull up, pull up, pull up, pull up)
Yeah-yeah
All dem other girls that I love got my mind really fucked up
I got a little fear that I'm gonna drown if I love you too much
If I love you too much
I cannot take it to the internet, that shit be looking too forced
It be looking too forced
Now you jumping into conclusion
Telling me I do not love you enough, woah, woah, woah, woah
I know I got a lot of issues, baby (issues, baby)
It doesn't mean I do not love you, baby (love you, baby)
Reset my brain when you touch me, baby, woah, woah
Cutie dress, who you goin' to see?
I get insecure when you're looking like this
Come baby girl, let me fuck you in that dress
You can never ever go scot-free, ooh, I
I understand everything Justine
I know you are trying to adjust me
After this promise, you will never cross me
Don't fuck with my trust
If you wanna come down, my way (my way)
Let me remind you, replay (replay)
If you just trust me, you'll stay (you'll stay)
If you nuh trust me, no way (no way)
Give it to you right at the top, I don't wait (oh, yeah, oh-oh, oh-oh)
If you want something that you can't say (oh, yeah, oh-oh, oh-oh)
If you nuh trust me, won't wait (oh, yeah)
If you can't trust me, won't stay",https://open.spotify.com/track/4V1PjTKiIZoU2aLO4SAfUQ,187
U Don't Know,ULTRAVIOLET,https://open.spotify.com/album/75LxF9bnfpeimog46qoQJl,2018,13592982,"Boo what you tryna prove?
Can we just talk about it?
Got nothin' left to lose
But you still walk around it
And I'm the one who chooses
To still wonder 'bout you
I think I know the truth
But sometimes I doubt it
And I'm afraid it'll hurt when I finally fall down
Cause the weight of my world's in the palm of your hands now
But you don't know it
You don't know it
You don't know it
You don't even know it
♪
I try to keep my cool, but it's too hard to tell if
You play me for a fool or your heart finally felt it
And you're the one who's losin', you're too fuckin' selfish
I didn't wanna do this, but I just can't help it
And I'm afraid it'll hurt when I finally fall down
Cause the weight of my world's in the palm of your hands now
But you don't know it
You don't know it
You don't know it
You don't know it
You don't even know it
If you wanna leave, my girl, you better leave
I really got a lot to offer, please
She said she stay, abeg dont bother, please
I got your message, baby, don't repeat
I know your body murder but baby chill
You ain't that special baby don't believe
Cause what we have is never meant to be
No disrespect, but you set the tone
And I'm afraid it'll hurt when I finally fall down
Sing for me, gyal
Cause the weight of my world's in the palm of your hands now
But you don't know it
Me no know, me no know
My gyal, you like to know
You don't know it
Me no know, me no know
My gyal, you need to know
You don't know it
You don't even know it
Me no know, me no know
My gyal, you need to know
International flexin'
You don't know it
You don't know it",https://open.spotify.com/track/1jo4C0jgL742GSbqCHXRxF,189
Wasteland,ULTRAVIOLET,https://open.spotify.com/album/75LxF9bnfpeimog46qoQJl,2018,1065635,"I ain't even tryna hold you up
We can get it poppin where ya live
Imma show ya ass how to live
Any single minute you could get it, I admit it
Boy you must know how I give it up
Way, way, way too much can you feel it
You gon pay way too much just to see it
I got it if you want it, thats hunnet, come and lay that ass down
Down, down, down, down, down, down, oh oh oh
You ain't got no recipe, you just got the best of me
This shit look like destiny, don't you turn your back to me
Don't go talking back to me, you know how to act me
You gon' fall off track me
Just sit back and see
You don't want my love to go to waste, to waste
You don't want my love to go to waste, to waste
You don't want my love to go to waste, to waste
You don't want my love to go to waste, to waste
Do you have somewhere to be
My time is precious, you can't rush me
Can't you see
I talk that tonka, you know
I got if you want it, thats hunnet, come and lay that ass down
Down, down, down, down, down, down, oh oh oh
You ain't got no recipe, you just got the best of me
This shit look like destiny, don't you turn your back to me
Don't go talking back to me, you know how to act me
You gon' fall off track me
Just sit back and see
You don't want my love to go to waste, to waste
You don't want my love to go to waste, to waste
You don't want my love to go to waste, to waste
You don't want my love to go to waste, to waste",https://open.spotify.com/track/2XkQMx4UGc7Anq2kkPK9dM,196
We,Dark Side,https://open.spotify.com/album/0FvZIwN0AHWYQVyuS3KR7H,2023,649733,"Feel it coming, we just waiting
Heavy topic you run away from it
Weighin' down on my chest, cavin' in
We both can't breathe, and
You just won't leave, and now
Lookin' at you
Weak in your knees, and you're
Laid in your wave of deceit
If you're lookin' down, summer faces
It's all the pain
And it won't go away
We
It's all in agony, yeah
Pray, but my heart is weak, yeah
It's all monotony
But we, we
Both want this to end
'Cause we know we can't go through this again
Just stop hurtin' me
It's all in agony yeah
Pray, but my heart is weak, yeah
It's all monotony now that (we, we)
♪
Took me so long to just say it
Hate to admit our love faded out
All of your silence just screams so loud
It's such a shame that
You just won't change, and you're
Lookin' at me
Going insane 'cause I'm
Trying not to lose all my faith
If you're looking down, what's on my face is
Is all the pain
And it won't go away (and it won't go away)
We
It's all in agony, yeah
Pray, but my heart is weak, yeah
It's all monotony
But we, we",https://open.spotify.com/track/2PfrM8Gi5i8aNCc7xC5rw8,140
When You're Ready,BARE WITH ME (The Album),https://open.spotify.com/album/3KhbfZCXAGH3Zih09mAp5e,2020,1785976,"Why's it always me, who's on the losing side?
Thought they said that love was free
But I know I'll pay the price, once or twice
So don't run, run, run
If there's a problem, I know we'll solve it
I know you'll solve it
I-I-I know, it's all about timing
Nobody has the answers
In your mind and your soul
You know your right from wrong
I don't want you to think you're all alone
Lets keep it natural, open doors, never close
Promise to set it free
I'll still wait for you (you)
Even though sometimes, it feels like we're giving up
Still stay for you (you)
Ain't had nobody give you this kinda love
Feels strange for you (you)
We fight, then we kiss, and then we make love
But I'm still made for you (you)
At the end of the day, don't wanna wake up without me
♪
Mmmmm, baby
Wanna know the words to say
Ahhh, ahhh, oh
(Ooh) wait, wait
Baby don't run away, yeah-ay
I don't know what to say, yeah
That'll just make you stay
(Ooh) wait, wait
Baby don't run away-ay-ay
I don't know what to say, yeah, yeah
That'll make you stay (make you stay)
In your mind and your soul
You know your right from wrong
I don't want you to think you're all alone
Lets keep it natural, open doors, never close
Promise to set it free
I'll still wait for you (you)
Even though sometimes, it feels like we're giving up
Still stay for you (you)
Ain't had nobody give you this kinda love
Feels strange for you (you)
We fight, then we kiss, and then we make love
But I'm still made for you (you)
At the end of the day, don't wanna wake up without me",https://open.spotify.com/track/6WL4pXHIZjdreL1eyiuxzF,196
You Got Me,ULTRAVIOLET,https://open.spotify.com/album/75LxF9bnfpeimog46qoQJl,2018,585722,"Eating good, living good
You, you got me yeah
You, you, you, you, you got me like you said you would (you, you, you, you, you, you)
You, you, you, you got me like you said you would (yeah, yeah, yeah)
Ain't to mean niggas out tellin' the truth, yeah
Niggas I ain't lying in the booth, yeah
They don't know bout love
They don't know bout us
Only in us we trust
Yeah, yeah, straight like that
Dapped in amazing sheet uh
I need stay missing receipts
Other niggas tryna call ya
I let it ring to the beat
I heard you talking the streets
I heard that you was a beast
I need it all in my stomach
I have to go to the streets
I'm living good, living good
You, you got me yeah
You, you, you, you, you got me like you said you would (you, you, you, you, you, you)
You, you, you, you got me like you said you would (yeah, yeah, yeah)
I don't need no regular fellas (regular fellas yeah)
He gon' trip and try to make me jealous (make me jealous yeah)
Thank God it's not true, we both know it's not you
We both know it's not gonna get us nowhere fast
And you been on a real good track
I'm tryna see if you can eat it up or keep it up
If you can eat it up all, no no
Only is us we trust, oh no no
I been for you anytime a day, woo
From 12 you know, anything that you say and go
Not saying so I'll do 'cause you do it all, now I can't let go
Look I don't have a problem at all saying that
I'm eating good, living good
You, you got me yeah
You, you, you, you, you got me like you said you would
You, you, you got me (like you said you would)
You got me exactly where you wanted me to be
You, you, you, you, you
Do me like you said you would
You got me exactly where you wanted me to be
You, you, you, you, you
Do me like you said you would
I'm eating good, living good
You, you got me yeah
You, you, you, you, you got me like you said you would
You, you, you got me (like you said you would)
All night, aha, ok
Aha, all night
♪
You got me exactly where you want me yeah
Wrong man
Bye beside you
Bye beside you
Bye beside you
Do me like you said you do
Young party
Straight like that",https://open.spotify.com/track/4CluAvnGDaHm5TQuucJ319,240
